id,realizado,previsto,diferenca_relativa,ranking
22124093,160.0,207.21876976566392,-0.2951173110353995,0.9999998155768632
26701899,218.0,281.14118876157136,-0.2896384805576668,0.9967516053076712
2132605,277.0,357.1798279777652,-0.2894578627356145,0.9966445110496932
17718549,109.0,141.78839979884341,-0.30081100732883864,0.9966238354395247
4510498,218.0,281.06241585528534,-0.28927713695085017,0.9965373527770659
13405995,202.0,262.896526525056,-0.30146795309433666,0.9962343106490672
17646772,139.0,179.13380160064145,-0.2887323856161255,0.9962143517613744
4824307,290.0,373.65573094307484,-0.28846803773474083,0.9960576111923471
7359740,113.0,145.54305340549925,-0.28799162305751547,0.995775129232552
22160955,348.0,453.20427846940134,-0.30231114502701534,0.9957343543693534
32308417,298.0,388.3139201398135,-0.30306684610675666,0.9952862742991342
36382853,189.0,243.2440836578005,-0.2870057336391561,0.9951905629117546
19528646,181.0,235.9835461947133,-0.3037764983133332,0.9948654981231057
30667225,202.0,263.50571577222905,-0.3044837414466785,0.994446150365974
15934647,202.0,263.5125966166242,-0.304517805032793,0.9944259529433855
2452178,122.0,159.1714675999785,-0.3046841606555616,0.9943273152132964
2722225,130.0,167.0871511811827,-0.2852857783167899,0.994170744729301
30536130,294.0,377.5718387711273,-0.28425795500383444,0.993561314420693
15452321,168.0,215.70205920726272,-0.2839408286146591,0.9933732797353664
6064724,118.0,151.42284576454054,-0.2832444556316995,0.9929603772485653
32416973,105.0,137.37360493466556,-0.3083200469968149,0.992171478400603
5227607,159.0,203.59657784043048,-0.28048162163792756,0.9913222019394106
6798367,252.0,322.62491452824054,-0.28025759733428784,0.9911893705482736
28909999,181.0,231.690255940043,-0.2800566626521712,0.9910702297545313
35329669,97.0,124.16308530006131,-0.28003180721712695,0.9910554921481172
3532589,130.0,170.39211767949539,-0.3107085975345799,0.9907552280850013
34388715,168.0,214.93053980113112,-0.279348451197209,0.9906503078476072
30712169,168.0,220.40055753919677,-0.31190808059045694,0.9900440150586969
10225838,168.0,214.342800672037,-0.27585000400022014,0.9885759632321116
24186376,122.0,155.4706458566836,-0.2743495562023246,0.9876862982935996
9991968,235.0,299.3405427278984,-0.273789543522972,0.9873542483238232
21152702,181.0,238.7611894623717,-0.3191225937147608,0.9857662925120476
2600036,181.0,230.02474192672287,-0.2708549277719495,0.9856142179506563
35053326,202.0,266.7106812262422,-0.3203499070606048,0.9850385779898251
2686679,294.0,388.4021897409989,-0.32109588347278534,0.9845962639954262
22420791,109.0,138.1784734484781,-0.26769241695851453,0.983739061085936
495330,151.0,191.08873078952607,-0.2654882833743448,0.9824321576585837
33467884,139.0,184.28537014440283,-0.3257940298158477,0.9818105782266289
34745257,151.0,200.2728788039728,-0.3263104556554489,0.9815043723303095
32044360,122.0,162.15321084841256,-0.3291246790853488,0.9798357265312138
13525014,105.0,139.57564342619193,-0.32929184215420887,0.9797366100397321
10151402,281.0,354.0465860811067,-0.2599522636338316,0.9791496691448528
30355881,193.0,243.03903245169897,-0.25926959819533146,0.9787448943128197
31560524,147.0,184.95857940156418,-0.25822162858206926,0.9781235185989475
2466836,151.0,201.14025678762812,-0.332054680712769,0.978098432023964
2324915,298.0,374.8606997443215,-0.25792181122255536,0.9779457470076326
33617129,118.0,157.54067792056472,-0.33509049085224335,0.9762984001635702
11215810,122.0,153.1167302503876,-0.2550551659867836,0.9762460185925583
22649495,109.0,136.76057154415477,-0.2546841426069245,0.9760260266055717
14401277,134.0,178.99574690299053,-0.33578915599246667,0.9758841385812018
32609682,151.0,201.80948399905654,-0.33648664900037445,0.9754705719947048
35283142,181.0,242.10840229763997,-0.3376154823074031,0.9748012495323728
27359280,130.0,174.16966890191293,-0.33976668386086867,0.9735257312501139
35961632,231.0,310.04474493374113,-0.34218504300320834,0.9720918064306784
1817143,348.0,467.30049448133644,-0.3428175128774036,0.971716794202645
10609837,202.0,271.41876822066513,-0.3436572684191343,0.9712188754723521
15907420,252.0,314.0018902106439,-0.24603924686763462,0.9709001830759764
32239860,185.0,230.4277009636395,-0.24555514034399728,0.9706131403670003
3077482,139.0,173.07984863743286,-0.24517876717577597,0.9703899763142204
7626969,252.0,313.32471150037924,-0.24335202976340967,0.9693068435121796
7067902,264.0,328.2066127420334,-0.24320686644709633,0.9692207713988656
2875924,298.0,370.38772672624015,-0.24291183465181257,0.9690458373262653
16837692,151.0,203.4785129030593,-0.34753982055006166,0.9689167823854243
2361521,210.0,283.0138270496554,-0.3476848907126447,0.9688307655060264
29631949,252.0,312.82378123350793,-0.24136421124407909,0.9681282004142633
16698656,151.0,187.3557644864131,-0.24076665222790136,0.9677738879842469
22430999,134.0,166.23988969363293,-0.24059619174352934,0.9676728163464596
31851928,139.0,187.64731198927612,-0.34998066179335335,0.9674695271875584
30735896,193.0,260.5597973855654,-0.3500507636557792,0.9674279614834985
19592367,122.0,164.74843385373168,-0.3503969988010794,0.967222667257544
31378865,239.0,296.2987148500502,-0.23974357677845273,0.9671672728403522
35517054,348.0,431.2794309762634,-0.2393087097019064,0.9669094258219759
16722142,281.0,379.735648710193,-0.3513724153387651,0.9666443106527751
36278689,202.0,250.20148823759098,-0.23862122889896525,0.9665017958017016
23115079,122.0,164.9491227612667,-0.3520419898464483,0.9662472978649642
733904,202.0,273.2436654917622,-0.35269141332555554,0.9658622332859641
13858409,151.0,204.3480891226122,-0.353298603461008,0.9655022102479883
23924671,218.0,269.4721645089257,-0.23611084637121874,0.9650133072849256
4981423,189.0,233.61791462090181,-0.23607362233281384,0.9649912359260385
13731137,122.0,150.79402491702544,-0.23601659768053637,0.9649574241307644
27433031,181.0,223.27639213128919,-0.23357122724469162,0.9635074834253987
7873549,168.0,206.97193960416442,-0.23197583097716917,0.9625615204107318
7384792,160.0,217.34340515813864,-0.3583962822383665,0.9624796285344668
5325370,126.0,171.46171198631143,-0.36080723798659864,0.9610500934313365
22602640,101.0,124.1358510738251,-0.22906783241410986,0.9608372722453336
18568610,298.0,366.1475670347683,-0.22868311085492724,0.9606091581564764
2520200,306.0,416.6558226556501,-0.3616203354759808,0.9605679811386529
34564320,218.0,296.9184295338687,-0.3620111446507737,0.9603362575019162
31953870,151.0,185.44474696965784,-0.22811090708382678,0.9602698796867113
2735923,348.0,427.1864769635671,-0.22754734759645714,0.9599357266975957
9065671,139.0,170.54262304591794,-0.22692534565408587,0.9595669212512549
9903460,298.0,365.1012451842936,-0.22517196370568318,0.9585272833208307
25953323,197.0,268.99160589754695,-0.36543962384541595,0.958303399220429
21004139,202.0,275.8749399900673,-0.3657175247033033,0.9581386226450682
26490039,122.0,149.04417709420684,-0.22167358273940035,0.9564529779757031
3557696,122.0,148.9635336458838,-0.2210125708679001,0.9560610422570204
4865385,252.0,307.22883304690805,-0.21916203590042876,0.9549637991004382
30689125,160.0,195.01841191251768,-0.2188650744532355,0.9547877208736393
22225495,202.0,277.2497454513593,-0.37252349233346177,0.9541031401833042
22162015,105.0,144.14205207963806,-0.3727814483775054,0.9539501895452449
2986483,164.0,199.56192963920967,-0.2168410343854248,0.9535876008261439
4899597,298.0,362.3334265732607,-0.21588398178946538,0.9530201328075089
10128695,202.0,245.57290839763667,-0.215707467315033,0.9529154715595384
7112361,126.0,173.3488415170702,-0.3757844564846842,0.9521696070906126
3264443,214.0,259.8471733284613,-0.2142391277030901,0.9520448446224293
21395583,210.0,289.2513562105089,-0.37738741052623287,0.9512191628227
24287744,151.0,208.03103858188456,-0.37768899723102356,0.9510403421282714
30816816,130.0,179.1891504862014,-0.3783780806630878,0.9506317618563839
29738650,298.0,360.98794438779254,-0.21136894089863267,0.9503430162945881
25865204,252.0,347.6204949533504,-0.3794464085450412,0.949998315054208
13912446,252.0,347.880977966849,-0.38048007129701983,0.949385422349796
32488121,147.0,177.81993550543564,-0.20965942520704514,0.9493293881132047
31281140,97.0,134.06529941619837,-0.38211648882678734,0.9484151364771102
35054619,252.0,304.4017396791275,-0.20794341142510914,0.9483119069999442
12055963,193.0,233.031665158876,-0.20741795419106734,0.9480003460922805
2086795,181.0,250.30811428111406,-0.3829177584591937,0.9479400373105505
32518386,151.0,208.93632766662196,-0.3836842891829269,0.9474855359875761
24929426,260.0,313.69570738840974,-0.20652195149388364,0.9474690765701986
13989407,109.0,131.4931434319436,-0.2063591140545284,0.9473725248869781
30426247,151.0,209.27267420191802,-0.3859117496815763,0.9461648012640167
20453391,101.0,140.00910219663538,-0.3862287346201523,0.9459768504494112
29927425,218.0,302.21161953717797,-0.3862918327393485,0.9459394374954826
1503835,202.0,243.03946442149663,-0.20316566545295361,0.9454790239882823
5075790,193.0,231.87784713330518,-0.20143962245235844,0.9444555962208202
32671767,210.0,291.67198765819717,-0.388914226943796,0.9443845335648517
8409929,181.0,217.29364382156933,-0.20051736917994106,0.9439087618677368
22431446,202.0,242.38314000142327,-0.19991653466051124,0.9435525072839156
29849392,252.0,301.9974147822711,-0.19840243961218693,0.9426547504409531
15879038,105.0,146.22483934394344,-0.39261751756136615,0.9421887305357869
33634079,151.0,210.57165379624874,-0.39451426355131614,0.9410640873413428
958021,147.0,205.35965663852375,-0.397004466928733,0.939587563707692
7216322,160.0,190.48869151476413,-0.19055432196727579,0.9380013428970266
27417075,160.0,224.194446882393,-0.4012152930149563,0.9370908261761771
16552208,151.0,179.08688966749185,-0.18600589183769434,0.9353044288042898
2941792,202.0,283.65958286721605,-0.4042553607287923,0.935288269859659
13898683,88.0,123.6546862901563,-0.4051668896608671,0.9347477943213273
17208576,88.0,123.77680552730467,-0.40655460826482587,0.9339249702362811
16231628,139.0,195.5561130823552,-0.40687851138385045,0.9337329174045365
31495793,151.0,178.55202517964895,-0.18246374291158246,0.9332041719936433
2169712,118.0,166.12620295426666,-0.407849177578531,0.9331573774346571
35065945,160.0,188.7103542679395,-0.17943971417462184,0.9314111257149922
651539,239.0,280.38137930953985,-0.17314384648343034,0.9276780983146256
20740171,151.0,177.08006375248627,-0.1727156539899753,0.9274242088764891
8470726,302.0,354.0882670806572,-0.17247770556509007,0.9272831214150715
3880347,227.0,266.04056132124606,-0.1719848516354452,0.9269908920808502
31191153,126.0,178.88373015383894,-0.4197121440780868,0.9261234337171881
36845837,97.0,138.02111893214126,-0.422898133321044,0.9242343557179995
14108779,151.0,176.02587786810358,-0.16573429051724223,0.9232847284404415
13989717,122.0,173.8620449703124,-0.4250987292648558,0.9229295498741794
28519281,197.0,280.7780880463876,-0.4252694824689726,0.9228283046732104
27957703,88.0,125.4417188572583,-0.4254740779233897,0.9227069932869503
19033541,126.0,146.54712466363574,-0.16307241796536304,0.9217064164968231
5429243,122.0,141.80020681609176,-0.16229677718108,0.9212465135187758
17406739,248.0,354.28545092879045,-0.4285703666483486,0.920871101680478
10724426,252.0,292.63457261961923,-0.16124830404610807,0.920624839250291
2356037,130.0,150.93528566649832,-0.16104065897306397,0.9205017196446631
33714227,298.0,345.881954682017,-0.16067770027522488,0.9202865094733741
35866998,340.0,394.20334925962624,-0.15942161546948894,0.9195417354045738
13002003,176.0,204.0421787097205,-0.15933056085068467,0.9194877461208725
23235098,130.0,150.66018110719813,-0.15892447005537022,0.9192469615078053
9268528,130.0,150.62354049282558,-0.15864261917558142,0.9190798428343075
33008814,118.0,169.07840738719804,-0.4328678592135427,0.9183229767379564
20494124,369.0,426.8524987798601,-0.15678183951181607,0.9179765252597342
16415155,298.0,344.3919621016157,-0.1556777251732071,0.9173218594882581
1271265,147.0,169.6420034775533,-0.15402723454117884,0.9163432292095388
36736239,151.0,216.9414004853122,-0.4366980164590211,0.9160519503050012
28250293,126.0,181.40643237458005,-0.43973359027444486,0.9142520585689239
23524532,298.0,342.79409315386664,-0.15031574883847865,0.9141425670444757
9767210,134.0,193.12647268556964,-0.4412423334744003,0.9133574750132005
10170491,399.0,458.2719577930813,-0.14855127266436416,0.9130963509820768
23751702,151.0,217.82442301271476,-0.44254584776632294,0.912584578439258
19981437,365.0,526.7374553842761,-0.4431163161213045,0.9122463289548911
20055718,139.0,159.39895008811973,-0.14675503660517794,0.9120313034373435
11021370,361.0,413.6352404362878,-0.14580399012822107,0.9114673966445642
20603699,143.0,163.82251391904921,-0.1456119854478966,0.9113535507431244
21108851,164.0,187.86480771653396,-0.14551712022276805,0.9112973020253754
29208425,202.0,231.3659164234251,-0.14537582387834203,0.9112135227671085
10166126,181.0,207.25528338289797,-0.14505681427015454,0.9110243714591784
21890336,298.0,340.96110703596133,-0.14416478871127963,0.9104954601134451
33032258,118.0,170.7265619785349,-0.4468352710045331,0.9100412380665862
8780421,298.0,340.36522988838976,-0.14216520096775087,0.9093098386547106
51703,134.0,152.88217475666883,-0.14091175191543903,0.9085666274109625
1661504,248.0,282.72387925857987,-0.14001564217169302,0.9080352944174469
15594861,130.0,148.15011543048993,-0.13961627254223025,0.9077984950050728
2686718,193.0,219.9312725776658,-0.13954027242313882,0.9077534320302908
16537993,151.0,172.06239753038724,-0.13948607636018043,0.9077212973988246
3302364,202.0,230.02768498159094,-0.13875091575045018,0.9072853964500749
3156825,202.0,293.5416925571691,-0.45317669582756975,0.9062811983416598
3549979,122.0,138.62276026896845,-0.1362521333522004,0.905803786032297
5606630,202.0,294.14740846013524,-0.4561752894066101,0.9045032334062176
2050282,113.0,164.62046326234739,-0.45681825895882644,0.9041219955731254
21111751,88.0,128.21441009606073,-0.45698193290978106,0.904024947894615
28538400,252.0,285.52323496871225,-0.13302871019330256,0.9038925122309149
31505303,202.0,228.8342847689325,-0.1328429939056064,0.9037823949246644
23426208,197.0,222.5899764204109,-0.12989835746401468,0.9020364229538812
14382829,210.0,237.18172043871832,-0.12943676399389675,0.9017627289761327
22157766,151.0,220.58310890312455,-0.4608152907491692,0.9017520237240726
22084343,155.0,174.9101734700607,-0.12845273206490773,0.9011792640219866
19545193,181.0,204.061118379833,-0.12740949381123207,0.9005606936871096
21635264,399.0,449.6026820210176,-0.12682376446370322,0.9002133954574179
8171172,168.0,245.9865376581446,-0.46420558129847983,0.8997418087487026
24330459,147.0,165.48191260708708,-0.1257272966468509,0.8995632635606411
8880911,252.0,283.6804537168455,-0.12571608617795824,0.8995566165042542
878165,97.0,109.19373276869457,-0.12570858524427395,0.8995521689535202
9767125,239.0,350.2270045263414,-0.4653849561771606,0.8990425185232142
400887,101.0,148.05630138762788,-0.4659039741349295,0.898734775674624
34342315,160.0,234.70850499492695,-0.4669281562182935,0.8981275043710178
19284914,88.0,98.80711536118986,-0.1228081291044302,0.8978323929393661
3548571,139.0,156.05704870141028,-0.12271258058568547,0.8977757390743177
3994068,101.0,148.35733055067564,-0.46888446089777863,0.8969675468671139
17045685,101.0,112.8950151177514,-0.11777242690842969,0.8948465591830346
31258493,176.0,259.2260366797208,-0.4728752084075044,0.8946013011751033
33250969,348.0,388.7477028360895,-0.11709110010370546,0.8944425780710749
13559788,218.0,243.3789665456247,-0.11641727773222342,0.8940430465848521
8777269,139.0,154.79838020741752,-0.11365741156415485,0.8924066309973456
16113518,181.0,201.3528722038345,-0.11244680775599168,0.8916888241105865
24010141,168.0,248.688495164195,-0.48028866169163686,0.8902056204526949
22765600,176.0,260.55785824575037,-0.4804423763963089,0.8901144779394583
10825240,151.0,167.5636266690045,-0.10969289184771187,0.8900559366281673
2984779,160.0,177.3363139547427,-0.10835196221714191,0.889260855267121
31619467,214.0,317.55805876588386,-0.4839161624574012,0.8880547557240102
23288070,252.0,278.7882333243708,-0.10630251319194771,0.888045669411578
23129185,239.0,264.3487830890717,-0.10606185392917018,0.8879029746050533
13065447,189.0,208.90701104322358,-0.1053281007577967,0.8874679081728797
4807421,239.0,264.08273357403715,-0.10494867604199644,0.8872429347569929
2580109,277.0,305.78669461781664,-0.10392308526287594,0.8866348281912568
34801755,151.0,224.4386618764405,-0.4863487541486126,0.886612391957392
3031698,160.0,176.44523099533993,-0.10278269372087454,0.8859586524705704
36602871,348.0,383.33467656144774,-0.10153642690071188,0.8852196998089151
829813,214.0,235.70306073111595,-0.10141617164072876,0.8851483965029097
1860840,202.0,222.47112616855694,-0.10134220875523235,0.8851045414710521
36794159,218.0,239.9254891173359,-0.10057563815291697,0.8846500165027522
8845015,151.0,225.08359982860895,-0.49061986641462885,0.8840799087634731
16211364,319.0,350.5778511080996,-0.09899012886551598,0.8837099158043712
3269307,231.0,253.08492877816437,-0.09560575228642583,0.8817032074168079
21925092,181.0,270.7760937116433,-0.49600051774388554,0.8808895433001015
21111933,290.0,317.17384664499133,-0.09370291946548734,0.8805749551397123
32082738,122.0,182.59949414795688,-0.4967171651471875,0.8804646194414456
28517580,273.0,298.35836708852094,-0.09288779153304372,0.8800916389304352
23282476,210.0,228.94511814797605,-0.09021484832369546,0.8785067628292298
604508,298.0,324.55254451574245,-0.08910249837497468,0.8778472138931586
21528837,130.0,195.16570108270224,-0.5012746237130942,0.8777623520913284
12290017,202.0,219.74165675718896,-0.08782998394648002,0.8770926981596753
4741511,151.0,164.20280366794162,-0.0874357858804081,0.8768589651376366
4687900,281.0,305.5563319764866,-0.08738908176685624,0.8768312727298303
7052141,160.0,173.5900008443999,-0.08493750527749935,0.8753776522508504
10168080,101.0,152.06896709814689,-0.5056333376054147,0.8751779270067358
34333892,151.0,227.39051357519068,-0.5058974408953025,0.8750213314640662
1427233,252.0,379.8712783889617,-0.5074257078927051,0.8741151716055352
12386754,231.0,348.3001653076743,-0.5077929234098455,0.8738974374258219
14036566,118.0,127.7077591108948,-0.08226914500758303,0.8737954935254402
21567750,260.0,281.21604443331455,-0.08160017089736366,0.8733988367330684
13865651,252.0,272.391862059122,-0.08092008753619838,0.8729955928997656
28741867,88.0,132.82017806143494,-0.5093202052435789,0.8729918617032911
17878385,348.0,376.0561979555565,-0.08062125849297849,0.8728184073137462
20537780,210.0,317.2833666855663,-0.5108731746931728,0.8720710549469202
10236359,160.0,241.80598581684296,-0.5112874113552686,0.8718254403810355
4744014,168.0,253.8984820536884,-0.511300488414812,0.8718176865615485
24079050,311.0,335.2974620883631,-0.07812688774393277,0.8713394127081434
31589259,223.0,240.13116552545864,-0.07682137006932126,0.8705653282625941
5202546,281.0,302.5824556327593,-0.07680589193152783,0.870556150764698
2334436,298.0,320.76204714295767,-0.076382708533415,0.8703052313842374
22162864,151.0,162.218815110175,-0.07429678880910597,0.8690684208494949
30458424,181.0,274.56452711532006,-0.5169310890349175,0.868479117927906
12628229,122.0,185.10474073901477,-0.5172519732706129,0.8682888550915582
35580596,189.0,202.76411659763656,-0.07282601374410877,0.8681963498520227
29028464,97.0,147.21899586927793,-0.5177216068997725,0.8680103938385939
20770838,151.0,161.82825124584974,-0.07171027315132279,0.8675347904913648
30843550,449.0,480.98955718852324,-0.07124622981853727,0.8672596439093186
27953947,88.0,133.84760405842567,-0.5209955006639281,0.8660691943523687
13346341,206.0,313.4149706262539,-0.5214318962439508,0.8658104410339179
29003309,172.0,183.61121446058158,-0.06750706081733476,0.8650425674044203
32682665,202.0,215.5229162630122,-0.06694513001491191,0.8647093801162742
2410793,189.0,201.61267226456852,-0.0667337156855477,0.8645840255943785
14160164,260.0,276.6974377159895,-0.06422091429226734,0.8630941028525271
4873919,151.0,230.58534265877694,-0.5270552493958738,0.8624761696629619
281459,315.0,334.82047642724746,-0.06292214738808716,0.8623240211612015
12915258,218.0,231.24110749294553,-0.06073902519699785,0.8610295760811236
21148073,155.0,237.2181712581844,-0.5304398145689317,0.8604693494518211
29677590,445.0,471.009517193162,-0.05844835324306073,0.8596713612029326
2067121,126.0,193.12062023362245,-0.5327033351874797,0.8591272334950076
1578335,139.0,213.2860188873816,-0.5344317905567022,0.8581023753546999
11077478,311.0,328.02015506174234,-0.054727186693705285,0.8574649589449076
3090332,277.0,292.09952869752703,-0.054510933926090376,0.8573367355535487
20608221,109.0,167.46748094208692,-0.5363989077255681,0.856936006769575
30692351,101.0,155.39678314460042,-0.5385820113326775,0.8556415727085511
2359345,181.0,190.05096563711322,-0.05000533501167526,0.854665217499555
35932337,202.0,211.40837868253715,-0.04657613209176806,0.8526319300975117
20960340,139.0,214.71783344263415,-0.5447326146952097,0.8519946773150466
21131728,231.0,241.4459317668204,-0.04522048383904932,0.8518281215804206
17996707,218.0,227.64503357979842,-0.044243273301827625,0.8512487012542154
13463325,269.0,280.80830224382566,-0.043897034363664184,0.8510434047793473
6183618,361.0,376.42798018180616,-0.04273678720721929,0.8503554560106229
12095739,109.0,168.77532189457378,-0.5483974485740714,0.8498216765534958
2664136,235.0,244.43700459364305,-0.04015746635592789,0.8488260916903276
17357364,126.0,195.49465699398203,-0.5515448967776352,0.8479554508064749
35122845,109.0,169.125847204164,-0.5516132771024219,0.8479149058588052
19068542,197.0,305.70185017817624,-0.551786041513585,0.8478124681469101
4203040,147.0,152.52751977265441,-0.03760217532417969,0.8473109754418123
29116943,348.0,360.62926924212195,-0.03629100356931595,0.846533538505782
21827413,193.0,299.9275398428975,-0.5540287038492098,0.8464827197533138
18409214,399.0,412.7362588505763,-0.03442671391121878,0.8454281397399163
22372682,189.0,195.32368235442797,-0.0334586367959152,0.8448541349205086
20283820,231.0,238.6000638185235,-0.03290070917109738,0.8445233212482677
2644760,399.0,412.12451074659543,-0.03289351064309633,0.8445190530038272
13173739,134.0,138.14698293536932,-0.030947633846039723,0.8433652785350098
19261978,143.0,223.06723231482673,-0.5599107154882987,0.842995081242626
13710960,256.0,399.7839584038111,-0.561656087514887,0.8419601926587691
21538445,369.0,379.00482388489587,-0.027113343861506423,0.841091801664897
20693866,290.0,297.6099896939455,-0.02624134377222594,0.8405747640799172
31648067,248.0,254.3527736658658,-0.02561602284623311,0.840203990698828
23643115,239.0,245.01748094603295,-0.02517774454407091,0.8399441210523855
2988566,151.0,154.6777435872017,-0.024355917796037678,0.8394568328946223
31513153,252.0,257.9158044495105,-0.02347541448218459,0.8389347534676156
15314020,382.0,390.49626564594126,-0.022241533104558283,0.8382031445429354
13914813,168.0,171.58308129542692,-0.021327864853731678,0.8376614005320262
21978657,168.0,171.55497238789246,-0.021160549927931323,0.8375621939995609
11495013,122.0,124.50774611448267,-0.020555296020349764,0.8372033190148876
36727666,189.0,192.79151763854034,-0.02006093988645683,0.8369101989742705
23679766,181.0,184.62524066187524,-0.02002895393301237,0.8368912334485492
20794961,122.0,191.5708132687557,-0.5702525677766861,0.8368630562610483
22100395,252.0,256.268849264242,-0.016939878032706433,0.8350596185634735
16045213,298.0,302.76922804608824,-0.016004120960027665,0.8345047773622704
30790286,348.0,353.39948947988796,-0.015515774367494142,0.8342152205767371
26978861,151.0,237.99862547935814,-0.5761498376116433,0.8333663706632789
9804617,97.0,152.91770695582912,-0.5764712057301971,0.8331758209168407
17219593,202.0,204.35709983677427,-0.011668811073139938,0.8319342292836513
30209283,181.0,182.94468818502793,-0.01074413361893883,0.8313859575533125
14040121,298.0,300.8984425835418,-0.00972631739443555,0.8307824607771771
182139,130.0,131.22032668185457,-0.009387128321958253,0.8305813443999646
2875274,252.0,254.3261232190002,-0.009230647694445274,0.8304885618799395
20963601,256.0,257.4537734447771,-0.005678802518660486,0.8283825558433744
10995473,403.0,405.04947783372614,-0.005085552937285716,0.8280307986192469
21666464,348.0,348.18580069593304,-0.0005339100457845966,0.8253319795741088
16480704,449.0,448.6270062643447,0.0008307210148225249,0.8245228448542409
945511,357.0,356.246964776109,0.0021093423638403478,0.8237647081263589
284762,252.0,251.02013849079154,0.0038883393222558004,0.822709882212494
31038809,139.0,221.73614352461084,-0.5952240541338909,0.8220566391996242
17246802,348.0,346.1745012299663,0.005245686120786424,0.8219050665716247
18292636,126.0,125.19684391086825,0.0063742546756487845,0.8212359010895757
32462294,218.0,216.50606955772955,0.00685289193702043,0.8209521012864068
32657179,348.0,344.25856573713014,0.01075124788180994,0.818640637597511
2401665,130.0,128.56495312079448,0.011038822147734733,0.8184701253397901
13687754,105.0,168.27940271752064,-0.6026609782621013,0.8176470418404074
21496900,399.0,393.94736940099256,0.012663234583978555,0.8175069576826173
488190,202.0,323.78542765844156,-0.6028981567249583,0.8175064109148463
8104975,319.0,314.47642544139853,0.014180484509722468,0.8166073302088808
9201553,302.0,484.6791821340546,-0.6048979540862736,0.8163206651668193
34420164,298.0,293.0773123911405,0.016519085935770197,0.815220696367419
849186,332.0,326.41217747806155,0.01683079072873027,0.8150358763251278
15254989,97.0,155.93095196237505,-0.6075355872409799,0.8147567255604629
11801963,500.0,488.84355806781497,0.022312883864370064,0.8117853626722857
340432,139.0,224.14820720148842,-0.6125770302265354,0.8117674879008476
11207082,399.0,389.0502743905537,0.024936655662772728,0.8102296419208078
31848900,218.0,212.421107546776,0.025591249785431196,0.8098415114968756
17262494,579.0,563.7275761947855,0.02637724318689904,0.809375470110985
30742600,202.0,196.5763035048021,0.026849982649494564,0.8090951673070406
96431,302.0,293.6330394764514,0.027705167296518493,0.8085881001518366
32166803,122.0,118.60541725575577,0.02782444872331338,0.8085173742636159
12112194,290.0,281.86742582844033,0.028043359212274716,0.8083875750216998
22178855,151.0,146.6867397220378,0.02856463760239868,0.8080784918882861
21646504,105.0,170.26852652784487,-0.6216050145509036,0.8064144985265477
1459309,294.0,284.7752596302628,0.03137666792427626,0.8064111464551986
13541418,202.0,327.6359433650509,-0.6219601156685687,0.8062039473734478
14279238,160.0,154.8190982978511,0.03238063563843063,0.805815860917152
30713878,227.0,219.54278466442832,0.032851168879170375,0.80553686625484
2325918,319.0,308.509991234876,0.0328840400160627,0.8055173758746861
27581612,202.0,195.33441431168092,0.03299794895207467,0.8054498355132718
20832331,218.0,354.1751268977524,-0.624656545402534,0.8046051453379255
22372925,353.0,340.29423114720197,0.03599367946968281,0.8036735681812897
10066703,239.0,230.38567559676036,0.03604319833991479,0.8036442068115026
1577986,290.0,279.3802465442199,0.036619839502689946,0.8033022972660034
31011820,382.0,367.79174651225657,0.037194380857967106,0.8029616327655573
29679830,218.0,209.75299386204912,0.03783030338509576,0.8025845733458362
27404553,202.0,193.72873269839295,0.04094686782973789,0.8007366595970873
19330481,269.0,257.8470353529467,0.041460835119157234,0.8004319114561791
5681819,189.0,308.6179428855144,-0.6328991687064255,0.7997178223899898
10186302,319.0,305.0454236641647,0.043744753403872495,0.7990777010510003
11910522,290.0,277.17136245188857,0.044236681200384244,0.7987860208516292
4436635,298.0,284.6069704058772,0.04494305232927122,0.7983671901346732
11407198,109.0,178.2433643787925,-0.6352602236586469,0.7983178751130251
14010176,298.0,284.51548522517925,0.04525004957993541,0.7981851613493208
9935612,181.0,172.2575969822112,0.04830056915905416,0.7963764077774919
15745896,164.0,155.80352364444875,0.049978514363117406,0.7953814987783963
35510242,214.0,351.3392055940061,-0.6417719887570379,0.7944568350261989
2426251,181.0,171.45770231008657,0.05271987673985318,0.7937560546984632
13414390,139.0,131.44355064747776,0.05436294498217436,0.792781825399166
2681380,160.0,151.2267549441382,0.0548327815991362,0.7925032437880455
3568260,252.0,237.99955137282575,0.055557335822120045,0.7920736317154737
23785915,202.0,190.6001680285232,0.05643481173998416,0.7915533473313003
14996008,168.0,158.4891849145371,0.056611994556326754,0.7914482898013897
27138452,185.0,174.52090387814346,0.056643762820846176,0.7914294533506049
22810935,181.0,298.24432386851765,-0.6477586954061749,0.790907119394396
28686711,197.0,185.5422634662911,0.058161099155882724,0.7905297746419515
868851,449.0,422.0989062465709,0.05991334911676861,0.7894908079042245
4864785,281.0,463.70867911491246,-0.650208822472998,0.7894543583257942
14900682,298.0,280.1117351240162,0.06002773448316709,0.789422985051536
8843341,550.0,516.4347678553391,0.06102769480847428,0.7888300756263785
6278027,348.0,326.69948888857306,0.0612083652627211,0.7887229501610381
7576952,202.0,333.734625355438,-0.6521516106704853,0.7883024151894293
21850822,252.0,236.32049215470448,0.062220269227363165,0.7881229589585811
25139623,218.0,204.0546599434393,0.06396944980073714,0.787085812161845
15271462,239.0,222.994198548248,0.06696988055126363,0.7853067579068947
1259757,260.0,242.48341847619287,0.0673714673992582,0.7850686438325967
20214877,202.0,188.25270337684222,0.06805592387701871,0.7846628070343723
13937507,298.0,277.2572265064414,0.0696066224616061,0.7837433467486877
36712053,466.0,432.64182392731504,0.0715840688255042,0.7825708536434856
15272157,151.0,140.02651795579132,0.07267206651793828,0.7819257439625635
16390527,181.0,167.75901390488767,0.0731546193100129,0.781639622512226
2620957,197.0,327.77016437861835,-0.6638079410082149,0.781390992860884
21424375,449.0,415.9524262115845,0.07360261422809686,0.7813739915640451
4047837,281.0,259.52381247998164,0.07642771359437138,0.779698897063915
17338484,361.0,333.0972231271499,0.07729301072811662,0.7791858338821318
20567970,332.0,306.3355126306062,0.07730267279937886,0.779180104921719
20569611,202.0,186.25076493798056,0.07796651020801701,0.778786493848967
19118475,374.0,344.68650651793035,0.07837832481836804,0.7785423153973673
19120401,449.0,413.0961743814559,0.07996397687871735,0.777602130044201
12652672,97.0,162.01352325450605,-0.670242507778413,0.7775757262064965
14870190,218.0,200.3489983821089,0.08096789732977568,0.7770068725300012
36589079,202.0,337.9632380748873,-0.6730853370043924,0.7758901190883558
22513655,113.0,189.1691116989636,-0.6740629353890585,0.7753104687946214
27452750,202.0,338.2850685992365,-0.674678557421963,0.7749454462068187
16477145,357.0,326.8013392068052,0.08459008625544759,0.7748591573663304
2748612,168.0,153.749447267434,0.08482471864622623,0.7747200360907966
13221400,105.0,95.87168197093938,0.08693636218152974,0.7734679730609264
13634426,252.0,230.0488797449882,0.08710762005957064,0.773366428622159
31051808,348.0,317.5965517334066,0.08736623065113042,0.7732130898813103
29907291,332.0,302.40975488853513,0.08912724431164117,0.7721689268573154
29921160,88.0,147.96191592276676,-0.6813854082132587,0.7709687333846758
26714028,147.0,247.30687750702646,-0.6823597109321528,0.7703910371997682
20270738,151.0,254.59781226579724,-0.6860782269258096,0.7681862065435517
4947124,147.0,132.76154111816697,0.09686026450226548,0.7675837643864495
7543414,311.0,280.85829256042507,0.09691867343914769,0.7675491318032215
14732066,130.0,219.4861334163441,-0.6883548724334162,0.7668363084075557
2771195,298.0,267.65546717671134,0.10182729135331765,0.7646386505049623
196312,181.0,162.51705814543573,0.10211570085394626,0.7644676430090648
14024477,151.0,135.3823779257704,0.10342796075648733,0.7636895608744223
26598178,176.0,298.38236034029785,-0.6953543201153287,0.7626861052480184
12429736,210.0,356.1097594789501,-0.6957607594235719,0.7624451139901524
584211,160.0,142.86409365069215,0.10709941468317404,0.7615126348683882
892301,298.0,265.38085655658847,0.10946021289735414,0.7601128398198677
9810232,491.0,437.24164948165725,0.10948747559743942,0.7600966748666923
2964712,411.0,365.7155145933057,0.11018122969998606,0.7596853252003791
4987188,197.0,174.83125397330494,0.11253170571926427,0.7582916505213279
16400665,294.0,260.6622041444265,0.1133938634543317,0.7577804487924625
2776768,160.0,141.66114034564228,0.11461787283973575,0.7570546932972491
19119557,101.0,172.68956489205183,-0.709797672198533,0.7541221658953571
19518396,529.0,464.83161172977304,0.12130130107793376,0.7530918684786011
36105075,273.0,239.29918527421273,0.12344620778676654,0.7518200826171375
25106448,181.0,158.39540452442964,0.12488726782083073,0.7509656306406035
2924321,252.0,219.77101787280418,0.12789278621903102,0.7491835597517116
13577642,155.0,266.6769205660661,-0.7204962617165555,0.7477786196559832
16757300,470.0,408.19816992430685,0.1314932554801982,0.7470487228927797
30899622,218.0,189.3129506464351,0.1315919695117656,0.7469901920908765
1462059,500.0,432.6835250500273,0.1346329498999454,0.7451870946196676
19636330,336.0,290.6193302893147,0.13506151699608723,0.7449329830672551
2634018,252.0,217.8521378630339,0.13550738943240515,0.7446686106084482
17277005,130.0,224.68576176674782,-0.7283520135903678,0.7431206855261965
6700121,151.0,260.99191133639766,-0.7284232538834282,0.7430784448091025
30416066,348.0,299.61346617494286,0.13904176386510672,0.7425729635511109
409038,218.0,186.43448625527418,0.14479593460883403,0.7391611261195883
2162560,482.0,411.8960625566863,0.14544385361683346,0.7387769535910796
4881097,399.0,340.43129926466924,0.14678872364744552,0.7379795358370137
18974841,449.0,382.8205536823573,0.14739297620855837,0.7376212545836558
21760133,235.0,200.04953204138982,0.14872539556855394,0.7368312192424427
29793947,202.0,351.4457434222582,-0.7398304129814762,0.7363147643186544
14782104,109.0,189.8642991511513,-0.7418743041390028,0.7351028739059813
10995219,168.0,142.11257256017967,0.15409182999893054,0.7336492834468582
22871471,298.0,251.69631176829634,0.15538150413323376,0.7328845931583957
14964048,109.0,190.28102589204175,-0.7456974852480894,0.7328359838541537
15921731,449.0,379.1432991639485,0.15558285264154012,0.7327652069934701
14348130,256.0,216.0667896078263,0.15598910309442848,0.7325243277141668
4615661,164.0,138.2457020563572,0.15703840209538292,0.7319021637625289
960286,218.0,183.68495715413826,0.15740845342138413,0.7316827481383035
24082286,298.0,250.93918582105076,0.1579221952313733,0.7313781336915789
12010782,189.0,159.04553505940382,0.15848923248992688,0.7310419186173371
30119644,189.0,158.84190732241228,0.15956662792374454,0.7304030953648889
2557565,290.0,243.56714391679358,0.1601132968386428,0.7300789573527291
17471133,189.0,158.67015880408638,0.1604753502429292,0.7298642839598165
12852702,160.0,280.84494240435765,-0.7552808900272353,0.7271536673913398
10858343,143.0,119.28707955671587,0.16582461848450442,0.726692526563191
962450,189.0,157.56650328147097,0.16631479745253455,0.7264018833018501
10247747,449.0,373.2856408624786,0.16862886222165122,0.7250297980527554
5702647,181.0,150.02370684726145,0.1711397411753511,0.7235410151886746
23453304,500.0,414.04145864615845,0.1719170827076831,0.7230801037810702
10279456,504.0,417.09270226126233,0.17243511456098742,0.722772945626309
315102,256.0,211.24578922670767,0.17482113583317316,0.7213581949956074
2149220,181.0,149.34805712887723,0.1748726125476396,0.7213276727554635
4033529,382.0,315.152645530218,0.17499307452822507,0.7212562468780016
20915205,630.0,519.6502115895817,0.17515839430225133,0.7211582233367626
1996358,277.0,228.39194839521286,0.17548033070320265,0.7209673366369661
20799042,206.0,169.80585396200283,0.17569973804852995,0.7208372427925395
31148499,252.0,207.63894089408475,0.176035948832997,0.7206378923404214
20819290,252.0,207.45676173131616,0.17675888201858667,0.7202092414343333
25029670,399.0,327.27132658040813,0.17977111132729792,0.7184231914254776
3089389,474.0,387.8785619526541,0.18169079756824033,0.7172849462003483
16027533,390.0,319.06389596622944,0.18188744624043734,0.7171683467231096
7809167,399.0,326.3678032495263,0.18203558082825494,0.7170805128450185
1847188,122.0,99.54705964984015,0.18404049467344138,0.7158917333651184
15739903,483.0,394.06521657172954,0.1841299863939347,0.7158386707753224
19529251,101.0,179.23118173595822,-0.7745661558015665,0.7157187978721384
11796847,164.0,291.16585763568963,-0.775401570949327,0.7152234527044445
347883,218.0,177.45250067901307,0.1859977033072795,0.7147312398768937
2454776,319.0,258.43521845588674,0.18985824935458703,0.7124421949220355
8319219,122.0,217.17719050371903,-0.7801409057681888,0.7124133449312022
1004052,202.0,163.07471983873657,0.19269940673892788,0.7107575790938889
10834933,214.0,381.64032759465573,-0.7833660167974567,0.7105010703358632
2441948,101.0,180.15754569803508,-0.7837380762181692,0.7102804640461174
2296249,189.0,152.32812532297217,0.1940310829472372,0.7099679843917973
8823011,348.0,279.8627114924406,0.19579680605620514,0.7089210289806376
34675613,122.0,218.00802360878882,-0.7869510131867936,0.7083754078524641
30835425,374.0,300.327212916914,0.1969860617194813,0.7082158801123948
31626919,474.0,379.98208258682723,0.19835003673665141,0.707407134382297
12522631,348.0,278.63612080240057,0.1993214919471248,0.7068311265789563
16252444,399.0,319.28203795624546,0.19979439108710412,0.7065507290970299
8782032,399.0,318.995354595718,0.20051289575008013,0.7061247040079173
35343701,479.0,382.7632229681374,0.2009118518410492,0.7058881497961422
31018689,252.0,201.18817308944807,0.20163423377203146,0.7054598257470743
16374554,88.0,157.70885614541967,-0.7921460925615872,0.7052950741154135
32544922,202.0,160.90791564091737,0.2034261601934784,0.7043973335285575
8760574,348.0,275.65028955229013,0.20790146680376398,0.7017437767798013
35377154,348.0,275.58050748599413,0.2081019899827755,0.7016248799798088
2987682,399.0,315.7887293940646,0.20854955039081552,0.7013595066669499
2405206,160.0,126.07779571890582,0.21201377675683863,0.6993054527096964
21138174,348.0,274.2110491335076,0.21203721513359894,0.6992915553238304
10836792,298.0,234.75728536040367,0.2122238746295179,0.6991808787583461
30847736,151.0,272.27461569365533,-0.8031431502891082,0.698774556240223
32176158,437.0,343.1694372153933,0.21471524664669722,0.697703662199674
14230184,189.0,148.31774367585282,0.21525003346109617,0.6973865694764105
12762977,382.0,298.49228659586214,0.21860657959198393,0.6953963626785883
18595795,134.0,104.62417934035346,0.2192225422361682,0.6950311381311349
31096575,218.0,169.31703543270254,0.22331635122613513,0.6926037838916557
528389,130.0,236.08201128311006,-0.8160154714085389,0.6911421329108092
8067388,382.0,294.24553619738293,0.22972372723198184,0.6888046395373767
1809110,189.0,145.21182966727488,0.2316834409138895,0.6876426607236114
31893835,466.0,357.63966999478816,0.23253289700689236,0.68713899021684
14092819,122.0,222.61502784788058,-0.8247133430154147,0.6859848782437892
27389999,571.0,436.9129522026942,0.23482845498652502,0.6857778782530215
4629096,600.0,458.46186487954867,0.23589689186741888,0.6851443668217824
32207257,151.0,276.0228595521562,-0.8279659572990478,0.684056296062716
12986951,579.0,441.27468563921184,0.23786755502726797,0.6839758957017646
28646946,151.0,115.02293147189246,0.2382587319742221,0.6837439540007956
29455620,298.0,226.712602226565,0.23921945561555372,0.6831743092983998
7290147,550.0,417.62023068776284,0.240690489658613,0.6823020847443015
9863894,269.0,203.9684932959439,0.24175281302623092,0.6816721982165214
22106190,500.0,378.682118314117,0.24263576337176596,0.6811486678638018
30039128,621.0,470.06821567439835,0.24304635157101714,0.680905216591753
14112897,462.0,348.5581228526816,0.2455451886305593,0.6794235737634937
808557,252.0,189.69950109316594,0.24722420201124629,0.6784280314072819
536931,441.0,331.83300979033186,0.24754419548677584,0.6782382967319867
31039804,214.0,160.84034213812748,0.24840961617697438,0.6777251602895111
16850010,88.0,161.85261331077115,-0.8392342421678539,0.6773749586786343
23052754,500.0,375.34002811433834,0.24931994377132333,0.6771853970639005
13951621,638.0,477.77154140711707,0.25114178462834313,0.6761051675908643
13141935,101.0,186.1436925969712,-0.8430068573957544,0.675138050803887
30250293,298.0,222.3227783783951,0.25395040812619096,0.6744398421759974
826814,193.0,143.2776745451221,0.2576286292998855,0.6722589036462343
29213001,361.0,267.5136099065886,0.25896506951083487,0.6714664842100054
27927610,202.0,149.45229412441762,0.26013715779991275,0.6707715144435825
16241516,168.0,311.3458842814392,-0.853249311199043,0.6690649624592637
12212093,378.0,278.4715334866252,0.26330282146395445,0.6688944881498524
6611554,357.0,262.6091788929104,0.2644000591235003,0.6682438997879766
30710031,449.0,329.9300630089634,0.26518916924507047,0.6677760103960427
12253878,651.0,477.8946604644145,0.2659068195631113,0.6673504918761927
20242958,479.0,350.7983013561767,0.267644464809652,0.6663201847548202
32549398,197.0,143.1386578895112,0.2734078279720244,0.6629028968353964
2372644,399.0,289.4039024928305,0.27467693610819416,0.6621504008048684
21235156,248.0,179.523748963563,0.276113915469504,0.6612983683936671
23187702,147.0,106.26654433426665,0.2770983378621316,0.660714671920764
5809429,390.0,281.4564682657974,0.27831674803641687,0.6599922363823145
2276698,294.0,212.16125360964776,0.27836308296038176,0.659964762879179
35219160,399.0,287.65200576740284,0.2790676547182886,0.6595469990685654
27284363,340.0,244.4279087629928,0.2810943859911977,0.6583452833168931
34091772,97.0,182.02524126010022,-0.8765488789701054,0.6552498810165955
10872696,315.0,224.34098708499818,0.287806390206355,0.6543655148599393
433821,386.0,272.8514088364342,0.293131065190585,0.6512083396159317
16121270,181.0,341.1702138504179,-0.8849183085658447,0.650287370440008
9634617,600.0,422.89930738045854,0.2951678210325691,0.6500006799669494
32565804,202.0,142.2891476227677,0.2955982790952094,0.6497454471981933
17011182,256.0,178.68505090784015,0.3020115198912494,0.6459428254165663
1855411,382.0,266.46726875359127,0.3024417048335307,0.6456877545898704
6015793,260.0,181.33637655783116,0.30255239785449556,0.6456221210504506
31137684,500.0,347.19259890386695,0.3056148021922661,0.6438063206136191
14214668,269.0,186.03567587119554,0.308417561817117,0.6421444720822644
4805479,600.0,412.7324939074919,0.3121125101541801,0.639953615466187
2835748,399.0,273.75309691317864,0.3139020127489257,0.6388925604143855
3163016,466.0,318.0194357753574,0.31755485885116436,0.6367266676005867
11395074,399.0,271.67700693508414,0.3191052457767315,0.6358073921078045
31567722,298.0,202.03423576048445,0.3220327659044146,0.6340715689635132
30326026,365.0,247.20387643584013,0.3227291056552325,0.633658686181144
2897900,109.0,209.0062854274954,-0.9174888571329854,0.6309752190083285
16481077,571.0,382.82508837110953,0.32955326029578014,0.6296124200416657
3138327,600.0,401.3638343686164,0.33106027605230604,0.6287188607440701
4239653,487.0,325.00872616721966,0.33263095242870705,0.6277875549673594
6948080,416.0,277.5493047954406,0.3328141711648062,0.6276789185417441
15232131,223.0,148.71752935529568,0.33310524952782206,0.6275063285893991
2961783,298.0,198.50456679543865,0.33387729263275623,0.6270485587939799
2050994,399.0,265.21043448202715,0.3353121942806337,0.6261977583275323
16239947,374.0,247.2283572927079,0.3389616115168238,0.6240338986013936
25515930,600.0,396.56174240855995,0.33906376265240007,0.6239733298272724
11247166,206.0,397.45082025939615,-0.9293729138805639,0.6239287701878918
1203715,630.0,416.11691712536805,0.33949695694386023,0.6237164746582913
20884297,239.0,157.14458635805767,0.34249127046837796,0.6219410475082017
29570067,630.0,411.98833118117153,0.3460502679663944,0.6198308006241194
5297470,227.0,148.1491756237473,0.3473604598072806,0.619053944711374
10187000,298.0,194.3878479652006,0.3476917853516759,0.6188574908790612
4983218,395.0,257.34464453075765,0.3484945708082085,0.6183814929304313
19373661,109.0,211.74691634847392,-0.9426322600777424,0.6160668669375639
12039211,88.0,170.99924918803305,-0.9431732862276483,0.6157460747066947
17308950,147.0,285.8153652502493,-0.9443222125867298,0.6150648384117429
31010323,500.0,320.6612399304393,0.3586775201391214,0.6123436867481276
20810819,500.0,320.3091773058238,0.3593816453883524,0.6119261876872203
19784264,428.0,273.7449936301588,0.3604088933874795,0.6113170985011374
3303996,210.0,410.1095069370479,-0.9529024139859424,0.6099773542880313
36808690,382.0,243.09976559502866,0.3636131790706056,0.6094171719397123
8973153,500.0,317.10796632118803,0.3657840673576239,0.6081299807444602
3302205,202.0,128.1071947522718,0.3658059665729119,0.6081169959781458
28839870,521.0,328.2221230200847,0.370015118963369,0.6056212508359983
27021890,327.0,205.93172378239345,0.37023937681225244,0.6054882809681911
21946673,600.0,377.45744466860316,0.3709042588856614,0.6050940504792751
12407116,399.0,250.95770373008048,0.3710333239847607,0.6050175235293771
20149747,500.0,314.1080319745217,0.37178393605095666,0.6045724609029697
3163773,399.0,248.92507514831732,0.37612763120722476,0.6019969409218437
4387531,617.0,383.44808993066243,0.3785282172922813,0.6005735543336865
16975763,428.0,262.6237943486123,0.38639300385838243,0.5959102632371523
13587881,97.0,191.7706772771156,-0.9770172915166556,0.5956788488247439
4077092,651.0,395.7739643699034,0.3920522820738811,0.5925546907122863
14204648,600.0,364.3693851179561,0.3927176914700732,0.5921601475563171
8110819,202.0,401.35927447095736,-0.9869271013413731,0.589802996055498
13465405,399.0,240.58710651612756,0.3970247956989284,0.5896063235417104
13462818,613.0,369.53667048746075,0.39716693232061867,0.5895220460553668
11552883,399.0,239.35183038441681,0.40012072585359193,0.5877706445433811
14226576,500.0,294.97332052620055,0.41005335894759887,0.5818812591057563
22428916,449.0,264.4908019725255,0.4109336258963797,0.5813593198273891
31743204,319.0,187.36336155867727,0.4126540390010117,0.5803392302107463
28815643,600.0,347.2092616498583,0.4213178972502361,0.5752021431842039
2383310,357.0,205.96729272995105,0.4230608046780083,0.5741687159421927
1348194,428.0,245.74132181873205,0.42583803313380364,0.5725220056822126
30341482,113.0,227.96945640365269,-1.0174288177314397,0.5717175233887781
21344893,290.0,166.11103733259966,0.42720331954275975,0.5717124823847152
21332100,361.0,206.00935192507745,0.42933697527679376,0.5704473675969247
35265337,600.0,341.8168213211239,0.4303052977981269,0.5698732172681963
31081134,487.0,276.9618695080813,0.431289795671291,0.569289476040396
2674805,613.0,345.92955880162157,0.4356777181050219,0.5666877322491918
14216305,403.0,225.8721190639389,0.4395232777569754,0.5644075732219347
17703692,252.0,140.82046638934725,0.44118862543909826,0.5634201337086806
13666202,348.0,194.1352544322628,0.4421400734705092,0.5628559888210345
9672192,109.0,221.62658457094997,-1.0332714180821099,0.5623239236336796
29797575,550.0,304.85632898968134,0.44571576547330666,0.5607358432149905
23014299,579.0,319.3665601771787,0.4484169945126447,0.5591341955131776
8796046,235.0,128.2851842633808,0.4541055988792306,0.5557612345470472
29659008,252.0,136.48360295214147,0.4583984009835656,0.5532158907333177
17074151,260.0,140.3886947735334,0.4600434816402562,0.5522404682072327
22465351,281.0,149.82045576636827,0.4668311182691521,0.5482158548001163
11860047,550.0,292.80193854079795,0.46763283901673103,0.5477404881525068
32212971,281.0,148.56383332310153,0.47130308425942513,0.5455642788150374
13515704,399.0,210.8205587239932,0.4716276723709444,0.5453718198286726
11228301,600.0,315.7745065730289,0.47370915571161853,0.5441376397719642
22055268,281.0,146.83839371546227,0.4774434387350097,0.5419234603243008
20691650,592.0,305.07750305726296,0.4846663799708396,0.537640740472625
31119727,378.0,194.22524206626835,0.48617660829029535,0.5367452763406158
30468192,550.0,273.9730548920689,0.5018671729235111,0.5274418235719104
2056578,319.0,155.29451613233238,0.5131833350083624,0.520732098208901
2941129,600.0,291.96268311151084,0.5133955281474819,0.5206062819050401
31960056,420.0,202.78388953418968,0.5171812153947865,0.5183616231992706
20977497,109.0,230.0137919853541,-1.1102182750949916,0.5166995967433511
4475107,382.0,181.6331129413832,0.5245206467503057,0.5140098325173291
2834285,424.0,201.30626678579225,0.5252210689014334,0.5135945291453028
2458427,500.0,235.9728920813429,0.5280542158373142,0.5119146629759892
32548341,122.0,258.6425246277321,-1.120020693669935,0.510887419784594
2376222,449.0,206.85607417560936,0.5392960486066607,0.5052490099132628
30977947,600.0,275.3531642401235,0.5410780595997942,0.5041923968789024
22882181,600.0,271.32671354689035,0.5477888107551827,0.5002133714023733
30580077,348.0,153.5932548298362,0.5586400723280569,0.4937793008711963
1330376,399.0,166.16053084814484,0.5835575667966295,0.4790048973795529
14104506,554.0,230.07825097151735,0.5846962978853477,0.4783297061963294
12234922,101.0,219.8098537550724,-1.176335185693786,0.4774967019242291
15056723,134.0,293.02427285489796,-1.1867483048872982,0.4713224204463876
900096,508.0,202.85404913226142,0.6006810056451547,0.4688518462759728
3971722,592.0,234.54341015597618,0.6038118071689592,0.4669954908938825
17761039,449.0,177.02546761469864,0.6057339251343015,0.46585580381923214
3197436,588.0,229.39168861483978,0.6098780805870072,0.4633985975030998
16897797,298.0,115.92686842549959,0.6109836630016792,0.4627430612609535
1943201,508.0,197.12716922890274,0.6119543912816875,0.4621674844786378
36383175,88.0,194.67453526708533,-1.2122106280350606,0.4562249700789709
32655506,592.0,212.4243845627769,0.6411750260763903,0.44484160730092226
18929890,189.0,422.5620275132028,-1.2357779233502793,0.4422511441538596
27877428,105.0,235.42923168893108,-1.2421831589422008,0.43845326892152264
16313306,97.0,218.96882611079275,-1.2574105784617808,0.42942443015113363
12863588,500.0,155.08368894615722,0.6898326221076856,0.41599091536612726
30744239,600.0,182.31383194067232,0.6961436134322128,0.41224892066523844
13858372,118.0,276.9896588475105,-1.3473699902331397,0.3760845307861598
28202818,201.0,496.937855780054,-1.472327640696786,0.30199302252291294
24391627,105.0,261.38306378156574,-1.489362512205388,0.2918924859134308
2325943,97.0,242.80356710054818,-1.50312955773761,0.28372955099887043
8825431,88.0,220.91765629112234,-1.5104279123991176,0.2794021160422688
22610275,88.0,229.25631786959502,-1.6051854303363071,0.223217261435943
23819207,88.0,233.92503307268717,-1.6582390121896269,0.19176004466133925
13166901,122.0,356.42999566828667,-1.9215573415433334,0.03562993095653318
34507967,92.0,274.31164696933894,-1.9816483366232494,0.0
